{
  "score:GC=F": {
    "ts": 1760057958,
    "score": 0.8250000000000001
  },
  "score:NQ=F": {
    "ts": 1760057958,
    "score": 0.8250000000000001
  },
  "score:ES=F": {
    "ts": 1760057959,
    "score": 0.8250000000000001
  },
  "score:^IXIC": {
    "ts": 1760057959,
    "score": 0.8250000000000001
  },
  "score:^GSPC": {
    "ts": 1760057960,
    "score": 0.8250000000000001
  },
  "score:JPM": {
    "ts": 1760057960,
    "score": 0.8250000000000001
  }
}