{
  "score:GC=F": {
    "ts": 1759681572,
    "score": 0.8250000000000001
  },
  "score:NQ=F": {
    "ts": 1759681572,
    "score": 0.8250000000000001
  },
  "score:ES=F": {
    "ts": 1759681572,
    "score": 0.8250000000000001
  },
  "score:^IXIC": {
    "ts": 1759681573,
    "score": 0.8250000000000001
  },
  "score:^GSPC": {
    "ts": 1759681573,
    "score": 0.8250000000000001
  },
  "score:JPM": {
    "ts": 1759681574,
    "score": 0.8250000000000001
  }
}